2hkk:ChainA:TRP5	-63.745464	150.414826	General
2hkk:ChainA:GLY6	-157.644937	-148.747457	Glycine
2hkk:ChainA:TYR7	-122.734187	10.367114	General
2hkk:ChainA:GLY8	-82.676404	-179.924719	Glycine
2hkk:ChainA:LYS9	-58.288022	-35.054032	General
2hkk:ChainA:HIS10	-102.511545	-9.269221	General
2hkk:ChainA:ASN11	-137.801936	13.051303	General
2hkk:ChainA:GLY12	-80.791976	-176.066633	Glycine
2hkk:ChainA:PRO13	-44.313083	-32.339475	Proline
2hkk:ChainA:GLU14	-70.920407	-17.326739	General
2hkk:ChainA:HIS15	-101.153032	-15.538180	General
2hkk:ChainA:TRP16	-59.983826	-32.248250	General
2hkk:ChainA:HIS17	-59.737059	-26.542951	General
2hkk:ChainA:LYS18	-64.777967	-47.430931	General
2hkk:ChainA:ASP19	-83.755644	-28.156753	General
2hkk:ChainA:PHE20	-129.426047	82.261245	Pre-Pro
2hkk:ChainA:PRO21	-53.413261	-26.046304	Proline
2hkk:ChainA:ILE22	-61.825009	-12.144739	General
2hkk:ChainA:ALA23	-53.311786	-29.344510	General
2hkk:ChainA:LYS24	-103.091709	22.281930	General
2hkk:ChainA:GLY25	-74.581046	-168.478652	Glycine
2hkk:ChainA:GLU26	-93.006138	-13.371114	General
2hkk:ChainA:ARG27	-140.359782	56.235597	General
2hkk:ChainA:GLN28	-84.683047	151.332558	General
2hkk:ChainA:SER29	-124.237689	158.658815	Pre-Pro
2hkk:ChainA:PRO30	-79.613961	179.970342	Proline
2hkk:ChainA:VAL31	-138.442364	161.675872	General
2hkk:ChainA:ASP32	-78.915949	132.954636	General
2hkk:ChainA:ILE33	-94.822129	104.075829	General
2hkk:ChainA:ASP34	-84.045176	105.629970	General
2hkk:ChainA:THR35	-60.343056	-26.829724	General
2hkk:ChainA:HIS36	-89.085531	-3.367578	General
2hkk:ChainA:THR37	-108.026973	-27.575246	General
2hkk:ChainA:ALA38	-68.653810	139.026122	General
2hkk:ChainA:LYS39	-110.338467	136.309027	General
2hkk:ChainA:TYR40	-58.665540	131.287433	General
2hkk:ChainA:ASP41	-115.195004	107.337200	Pre-Pro
2hkk:ChainA:PRO42	-70.201238	-18.408280	Proline
2hkk:ChainA:SER43	-81.817678	-1.912939	General
2hkk:ChainA:LEU44	-76.351555	125.563336	General
2hkk:ChainA:LYS45	-73.389791	159.347332	Pre-Pro
2hkk:ChainA:PRO46	-61.824091	145.323778	Proline
2hkk:ChainA:LEU47	-76.792850	136.882577	General
2hkk:ChainA:SER48	-120.262567	110.545912	General
2hkk:ChainA:VAL49	-109.364354	106.350729	General
2hkk:ChainA:SER50	-114.785243	89.661729	General
2hkk:ChainA:TYR51	-109.390315	9.377312	General
2hkk:ChainA:ASP52	-55.418234	-42.233525	General
2hkk:ChainA:GLN53	-97.510091	17.200653	General
2hkk:ChainA:ALA54	-59.262713	135.770148	General
2hkk:ChainA:THR55	-121.985522	95.927189	General
2hkk:ChainA:SER56	-73.211128	151.745805	General
2hkk:ChainA:LEU57	-121.424341	-47.617701	General
2hkk:ChainA:ARG58	-163.309351	165.293752	General
2hkk:ChainA:ILE59	-117.788087	134.735180	General
2hkk:ChainA:LEU60	-131.459092	129.457613	General
2hkk:ChainA:ASN61	-85.097416	115.190553	General
2hkk:ChainA:ASN62	-103.895551	14.293541	General
2hkk:ChainA:GLY63	84.749452	-2.564637	Glycine
2hkk:ChainA:HIS64	-129.052573	-34.153992	General
2hkk:ChainA:ALA65	-159.118465	-170.193355	General
2hkk:ChainA:PHE66	-117.243545	135.014487	General
2hkk:ChainA:ASN67	-105.180020	127.081511	General
2hkk:ChainA:VAL68	-92.502584	115.611589	General
2hkk:ChainA:GLU69	-98.256087	149.568092	General
2hkk:ChainA:PHE70	-123.630804	154.099235	General
2hkk:ChainA:ASP71	-75.766648	115.334674	General
2hkk:ChainA:ASP72	-113.073120	17.710960	General
2hkk:ChainA:SER73	-74.912039	-1.035663	General
2hkk:ChainA:GLN74	-162.706804	166.858473	General
2hkk:ChainA:ASP75	-69.642206	99.339083	General
2hkk:ChainA:LYS76	-121.484747	-85.348335	General
2hkk:ChainA:ALA77	-84.431255	110.075631	General
2hkk:ChainA:VAL78	-130.030777	146.699717	General
2hkk:ChainA:LEU79	-113.145186	127.051862	General
2hkk:ChainA:LYS80	-143.479413	176.855887	General
2hkk:ChainA:GLY81	75.416296	-163.412001	Glycine
2hkk:ChainA:GLY82	55.681917	-129.434451	Glycine
2hkk:ChainA:PRO83	-81.016377	-2.258657	Proline
2hkk:ChainA:LEU84	-90.101375	143.339029	General
2hkk:ChainA:ASP85	-109.997028	127.269306	General
2hkk:ChainA:GLY86	84.442994	-153.887961	Glycine
2hkk:ChainA:THR87	-120.238552	133.735027	General
2hkk:ChainA:TYR88	-118.762539	124.501163	General
2hkk:ChainA:ARG89	-91.038434	131.033810	General
2hkk:ChainA:LEU90	-61.453713	124.489974	General
2hkk:ChainA:ILE91	-110.859393	-38.813302	General
2hkk:ChainA:GLN92	-161.075794	161.909245	General
2hkk:ChainA:PHE93	-132.073574	154.795758	General
2hkk:ChainA:HIS94	-153.226413	173.814517	General
2hkk:ChainA:PHE95	-125.295175	163.262213	General
2hkk:ChainA:HIS96	-124.593707	137.230740	General
2hkk:ChainA:TRP97	-146.999245	170.542829	General
2hkk:ChainA:GLY98	-106.379006	177.954071	Glycine
2hkk:ChainA:SER99	-86.703734	-18.477902	General
2hkk:ChainA:LEU100	-134.218919	157.173627	General
2hkk:ChainA:ASP101	-60.703406	-26.811047	General
2hkk:ChainA:GLY102	-79.017134	5.719671	Glycine
2hkk:ChainA:GLN103	-154.567525	161.925344	General
2hkk:ChainA:GLY104	146.115638	-37.085900	Glycine
2hkk:ChainA:SER105	-74.041757	157.496242	General
2hkk:ChainA:GLU106	-94.649582	-56.431648	General
2hkk:ChainA:HIS107	-69.587669	150.050367	General
2hkk:ChainA:THR108	-126.491002	157.156087	General
2hkk:ChainA:VAL109	-119.920975	109.601645	General
2hkk:ChainA:ASP110	48.473533	48.338687	General
2hkk:ChainA:LYS111	71.054180	-3.436484	General
2hkk:ChainA:LYS112	-72.300652	126.723750	General
2hkk:ChainA:LYS113	-95.955920	131.550799	General
2hkk:ChainA:TYR114	-91.433512	168.325336	General
2hkk:ChainA:ALA115	-69.268290	-28.254727	General
2hkk:ChainA:ALA116	-160.067278	176.257886	General
2hkk:ChainA:GLU117	-148.750756	129.571427	General
2hkk:ChainA:LEU118	-96.411965	131.146874	General
2hkk:ChainA:HIS119	-117.167392	116.941236	General
2hkk:ChainA:LEU120	-101.093159	113.509368	General
2hkk:ChainA:VAL121	-100.839730	128.801903	General
2hkk:ChainA:HIS122	-130.001041	143.351857	General
2hkk:ChainA:TRP123	-114.954413	142.760923	General
2hkk:ChainA:ASN124	-62.716308	115.616422	General
2hkk:ChainA:THR125	-62.727733	-15.809958	General
2hkk:ChainA:LYS126	-63.729781	-20.383228	General
2hkk:ChainA:TYR127	-101.597739	3.333830	General
2hkk:ChainA:GLY128	83.509797	-45.073687	Glycine
2hkk:ChainA:ASP129	-153.464598	169.913818	General
2hkk:ChainA:PHE130	-56.938605	-46.849634	General
2hkk:ChainA:GLY131	-56.334782	-40.163201	Glycine
2hkk:ChainA:LYS132	-77.181547	-33.347283	General
2hkk:ChainA:ALA133	-62.047672	-38.562744	General
2hkk:ChainA:VAL134	-74.546036	11.679916	General
2hkk:ChainA:GLN135	-109.934080	7.867378	General
2hkk:ChainA:GLN136	-122.489972	145.490069	Pre-Pro
2hkk:ChainA:PRO137	-66.940291	-26.100450	Proline
2hkk:ChainA:ASP138	-114.872095	33.013172	General
2hkk:ChainA:GLY139	-73.718114	-31.643698	Glycine
2hkk:ChainA:LEU140	-129.003535	152.842240	General
2hkk:ChainA:ALA141	-130.979027	128.212011	General
2hkk:ChainA:VAL142	-118.608596	125.863566	General
2hkk:ChainA:LEU143	-91.244358	117.887151	General
2hkk:ChainA:GLY144	-103.539983	133.556270	Glycine
2hkk:ChainA:ILE145	-132.255154	128.477748	General
2hkk:ChainA:PHE146	-81.014171	147.579345	General
2hkk:ChainA:LEU147	-117.641375	129.677669	General
2hkk:ChainA:LYS148	-116.519628	158.054542	General
2hkk:ChainA:VAL149	-89.929741	125.224053	General
2hkk:ChainA:GLY150	-170.876274	-118.961532	Glycine
2hkk:ChainA:SER151	-73.884655	146.697866	General
2hkk:ChainA:ALA152	-57.604219	147.635140	General
2hkk:ChainA:LYS153	-99.900491	106.439308	Pre-Pro
2hkk:ChainA:PRO154	-53.380795	-43.257406	Proline
2hkk:ChainA:GLY155	-68.776412	-7.750899	Glycine
2hkk:ChainA:LEU156	-96.050316	-19.090970	General
2hkk:ChainA:GLN157	-58.695539	-38.444091	General
2hkk:ChainA:LYS158	-55.709967	-39.061132	General
2hkk:ChainA:VAL159	-68.409184	-47.960946	General
2hkk:ChainA:VAL160	-54.899183	-42.522532	General
2hkk:ChainA:ASP161	-71.855309	-24.846031	General
2hkk:ChainA:VAL162	-84.973471	-14.977002	General
2hkk:ChainA:LEU163	-61.045591	-31.310623	General
2hkk:ChainA:ASP164	-55.368227	-33.673765	General
2hkk:ChainA:SER165	-83.048475	-9.300142	General
2hkk:ChainA:ILE166	-129.721121	44.717872	General
2hkk:ChainA:LYS167	-60.012863	-38.384149	General
2hkk:ChainA:THR168	-117.597241	161.038943	General
2hkk:ChainA:LYS169	-51.980194	127.012574	General
2hkk:ChainA:GLY170	98.311718	-15.033843	Glycine
2hkk:ChainA:LYS171	-75.774846	145.244793	General
2hkk:ChainA:SER172	-143.399499	158.315580	General
2hkk:ChainA:ALA173	-139.909824	145.353564	General
2hkk:ChainA:ASP174	-54.732852	135.133567	General
2hkk:ChainA:PHE175	-148.552383	71.579618	General
2hkk:ChainA:THR176	-97.975069	160.366285	General
2hkk:ChainA:ASN177	57.805701	29.823257	General
2hkk:ChainA:PHE178	-86.592281	130.163647	General
2hkk:ChainA:ASP179	-101.973952	109.088450	Pre-Pro
2hkk:ChainA:PRO180	-69.732091	-11.396141	Proline
2hkk:ChainA:ARG181	-61.114217	-24.764147	General
2hkk:ChainA:GLY182	-75.297273	-1.583676	Glycine
2hkk:ChainA:LEU183	-106.745760	-2.401293	General
2hkk:ChainA:LEU184	-90.020773	141.725466	Pre-Pro
2hkk:ChainA:PRO185	-78.269919	176.547892	Proline
2hkk:ChainA:GLU186	-64.622573	-53.137162	General
2hkk:ChainA:SER187	-84.488263	139.126077	General
2hkk:ChainA:LEU188	-99.581901	16.051184	General
2hkk:ChainA:ASP189	-58.756990	138.200526	General
2hkk:ChainA:TYR190	-150.285366	161.406090	General
2hkk:ChainA:TRP191	-104.548331	147.453551	General
2hkk:ChainA:THR192	-135.148037	142.509356	General
2hkk:ChainA:TYR193	-156.591312	156.677966	Pre-Pro
2hkk:ChainA:PRO194	-84.583398	133.551070	Proline
2hkk:ChainA:GLY195	-156.357929	-147.322112	Glycine
2hkk:ChainA:SER196	-138.394023	170.756884	General
2hkk:ChainA:LEU197	-60.289401	144.245522	General
2hkk:ChainA:THR198	-96.218247	0.041845	General
2hkk:ChainA:THR199	-118.593735	146.989646	Pre-Pro
2hkk:ChainA:PRO200	-47.370119	138.099027	Proline
2hkk:ChainA:PRO201	-106.337748	32.010739	Proline
2hkk:ChainA:LEU202	90.233014	30.788586	General
2hkk:ChainA:LEU203	-70.705338	135.573323	General
2hkk:ChainA:GLU204	-88.158726	68.323434	General
2hkk:ChainA:CYS205	-128.528495	14.250722	General
2hkk:ChainA:VAL206	-107.334624	130.743084	General
2hkk:ChainA:THR207	-91.702458	113.131621	General
2hkk:ChainA:TRP208	-85.193203	137.205294	General
2hkk:ChainA:ILE209	-130.902923	106.011253	General
2hkk:ChainA:VAL210	-111.747313	115.283528	General
2hkk:ChainA:LEU211	-71.059645	138.510206	General
2hkk:ChainA:LYS212	-69.744403	-43.729361	General
2hkk:ChainA:GLU213	-80.580871	120.852869	Pre-Pro
2hkk:ChainA:PRO214	-78.621669	158.054168	Proline
2hkk:ChainA:ILE215	-93.820987	149.339527	General
2hkk:ChainA:SER216	-102.189611	137.424645	General
2hkk:ChainA:VAL217	-123.272972	157.868494	General
2hkk:ChainA:SER218	-80.394471	156.792246	General
2hkk:ChainA:SER219	-56.507676	-38.347620	General
2hkk:ChainA:GLU220	-67.095876	-37.397423	General
2hkk:ChainA:GLN221	-61.236680	-49.750379	General
2hkk:ChainA:VAL222	-64.833664	-38.573806	General
2hkk:ChainA:LEU223	-55.287254	-39.173991	General
2hkk:ChainA:LYS224	-68.012381	-36.703117	General
2hkk:ChainA:PHE225	-52.389611	-43.967715	General
2hkk:ChainA:ARG226	-73.748069	-6.923800	General
2hkk:ChainA:LYS227	-85.946086	-15.397469	General
2hkk:ChainA:LEU228	-63.824049	161.726482	General
2hkk:ChainA:ASN229	-119.223176	138.805743	General
2hkk:ChainA:PHE230	-73.454132	-35.238399	General
2hkk:ChainA:ASN231	-77.215848	167.295628	General
2hkk:ChainA:GLY232	-88.136081	165.607424	Glycine
2hkk:ChainA:GLU233	-55.288744	138.936583	General
2hkk:ChainA:GLY234	76.166844	7.656269	Glycine
2hkk:ChainA:GLU235	-104.144112	163.304826	Pre-Pro
2hkk:ChainA:PRO236	-59.558307	140.585201	Proline
2hkk:ChainA:GLU237	-73.356659	123.980270	General
2hkk:ChainA:GLU238	-125.282029	107.501878	General
2hkk:ChainA:LEU239	-64.549359	134.089140	General
2hkk:ChainA:MET240	-74.969396	89.374326	General
2hkk:ChainA:VAL241	-139.151375	162.074035	General
2hkk:ChainA:ASP242	51.580370	46.346815	General
2hkk:ChainA:ASN243	-93.104241	50.237091	General
2hkk:ChainA:TRP244	-123.062228	144.083497	General
2hkk:ChainA:ARG245	-89.274500	136.068731	Pre-Pro
2hkk:ChainA:PRO246	-74.196267	169.796046	Proline
2hkk:ChainA:ALA247	-57.440399	138.679509	General
2hkk:ChainA:GLN248	-112.938519	160.640486	Pre-Pro
2hkk:ChainA:PRO249	-55.054839	132.504478	Proline
2hkk:ChainA:LEU250	-68.166279	-31.910261	General
2hkk:ChainA:LYS251	55.471256	49.037289	General
2hkk:ChainA:ASN252	58.180823	15.989066	General
2hkk:ChainA:ARG253	-68.836013	157.746475	General
2hkk:ChainA:GLN254	-115.361005	132.742741	General
2hkk:ChainA:ILE255	-98.346583	124.480808	General
2hkk:ChainA:LYS256	-102.128685	144.374082	General
2hkk:ChainA:ALA257	-105.182873	144.559455	General
2hkk:ChainA:SER258	-86.934511	-4.826682	General
